ID_venta,Fecha,Producto,Categoría,Precio_Unitario,Cantidad_Vendida,Total_Venta,Cliente_ID,Satisfacción_Cliente,NPS
1,2024-01-01,Mouse Gaming,Monitores,1298,9,11682,26,5,-48
2,2024-01-02,Monitor 4K,Celulares,1892,4,7568,35,7,50
3,2024-01-03,SSD 1TB,Computadores,1307,1,1307,25,10,43
4,2024-01-04,Auriculares Pro,Impresoras,733,2,1466,24,10,-44
5,2024-01-05,Mouse Gaming,Mobiliario,713,1,713,13,6,-62
6,2024-01-06,Impresora Láser,Mobiliario,1900,5,9500,7,5,8
7,2024-01-07,Tablet Ultra,Almacenamiento,1447,5,7235,36,4,80
8,2024-01-08,Mouse Gaming,Impresoras,1745,7,12215,45,2,-59
9,2024-01-09,SSD 1TB,Accesorios,1681,9,15129,20,4,85
10,2024-01-10,Auriculares Pro,Tablets,1545,9,13905,1,10,66
11,2024-01-11,Monitor 4K,Monitores,1306,3,3918,8,10,41
12,2024-01-12,SSD 1TB,Impresoras,1765,3,5295,46,3,21
13,2024-01-13,SSD 1TB,Almacenamiento,1186,3,3558,16,10,32
14,2024-01-14,Tablet Ultra,Tablets,1903,4,7612,14,1,62
15,2024-01-15,Teclado Mecánico,Tablets,1570,8,12560,12,8,-26
16,2024-01-16,Auriculares Pro,Computadores,491,6,2946,23,5,45
17,2024-01-17,Smartphone X1,Tablets,613,8,4904,15,4,-25
18,2024-01-18,SSD 1TB,Accesorios,1341,1,1341,28,8,-92
19,2024-01-19,Teclado Mecánico,Mobiliario,1583,8,12664,34,7,-27
20,2024-01-20,Smartphone X1,Almacenamiento,1880,4,7520,2,2,85
21,2024-01-21,Auriculares Pro,Tablets,1459,1,1459,32,1,44
22,2024-01-22,Laptop ProTech,Computadores,1460,8,11680,23,4,-94
23,2024-01-23,Impresora Láser,Accesorios,1186,4,4744,22,8,73
24,2024-01-24,Teclado Mecánico,Celulares,1686,6,10116,25,2,40
25,2024-01-25,Silla Ergonómica,Mobiliario,1698,8,13584,22,3,67
26,2024-01-26,Laptop ProTech,Mobiliario,1001,4,4004,22,1,69
27,2024-01-27,Impresora Láser,Almacenamiento,1154,3,3462,49,1,36
28,2024-01-28,Tablet Ultra,Mobiliario,748,9,6732,42,3,77
29,2024-01-29,Mouse Gaming,Tablets,162,3,486,6,5,-74
30,2024-01-30,Monitor 4K,Computadores,51,9,459,15,3,21
31,2024-01-31,Silla Ergonómica,Mobiliario,691,2,1382,43,1,93
32,2024-02-01,Tablet Ultra,Mobiliario,269,2,538,37,1,-96
33,2024-02-02,Auriculares Pro,Celulares,1639,2,3278,33,8,-72
34,2024-02-03,Tablet Ultra,Celulares,904,6,5424,8,10,64
35,2024-02-04,Mouse Gaming,Monitores,1809,3,5427,44,2,65
36,2024-02-05,Auriculares Pro,Accesorios,1298,9,11682,44,3,-18
37,2024-02-06,Silla Ergonómica,Tablets,434,4,1736,5,2,35
38,2024-02-07,Mouse Gaming,Mobiliario,1476,1,1476,39,3,8
39,2024-02-08,Smartphone X1,Impresoras,1711,4,6844,4,7,-36
40,2024-02-09,Monitor 4K,Mobiliario,1203,1,1203,6,1,-15
41,2024-02-10,Silla Ergonómica,Computadores,1126,5,5630,45,10,44
42,2024-02-11,Smartphone X1,Monitores,1757,4,7028,32,8,-30
43,2024-02-12,Impresora Láser,Accesorios,779,8,6232,30,10,-56
44,2024-02-13,Silla Ergonómica,Impresoras,1745,8,13960,47,10,31
45,2024-02-14,Impresora Láser,Monitores,1783,7,12481,35,10,-65
46,2024-02-15,Auriculares Pro,Almacenamiento,1489,3,4467,40,2,-31
47,2024-02-16,Smartphone X1,Accesorios,296,1,296,16,3,58
48,2024-02-17,Monitor 4K,Mobiliario,885,1,885,13,9,-82
49,2024-02-18,Mouse Gaming,Mobiliario,1512,3,4536,42,7,88
50,2024-02-19,SSD 1TB,Accesorios,252,6,1512,30,4,7
51,2024-02-20,Tablet Ultra,Mobiliario,1257,7,8799,19,10,81
52,2024-02-21,Laptop ProTech,Tablets,172,6,1032,17,5,66
53,2024-02-22,Monitor 4K,Accesorios,450,6,2700,19,2,-10
54,2024-02-23,Smartphone X1,Monitores,816,6,4896,28,8,-11
55,2024-02-24,SSD 1TB,Accesorios,343,3,1029,26,4,-82
56,2024-02-25,Monitor 4K,Impresoras,329,6,1974,37,9,-62
57,2024-02-26,Smartphone X1,Mobiliario,1910,8,15280,26,5,25
58,2024-02-27,Teclado Mecánico,Tablets,933,2,1866,23,9,94
59,2024-02-28,Teclado Mecánico,Tablets,1683,5,8415,9,4,72
60,2024-02-29,Impresora Láser,Almacenamiento,247,1,247,12,10,40
61,2024-03-01,Monitor 4K,Monitores,1031,1,1031,1,5,25
62,2024-03-02,Teclado Mecánico,Celulares,1980,5,9900,1,9,-43
63,2024-03-03,Smartphone X1,Celulares,1584,3,4752,47,8,47
64,2024-03-04,Impresora Láser,Accesorios,801,4,3204,34,3,99
65,2024-03-05,Smartphone X1,Almacenamiento,193,3,579,32,1,-40
66,2024-03-06,Impresora Láser,Computadores,658,1,658,48,3,26
67,2024-03-07,Monitor 4K,Accesorios,1274,1,1274,25,4,4
68,2024-03-08,SSD 1TB,Almacenamiento,1197,5,5985,40,2,66
69,2024-03-09,Mouse Gaming,Monitores,236,6,1416,45,1,-100
70,2024-03-10,Silla Ergonómica,Monitores,1399,3,4197,1,7,30
71,2024-03-11,SSD 1TB,Monitores,513,9,4617,16,8,-9
72,2024-03-12,Auriculares Pro,Monitores,1422,5,7110,39,7,89
73,2024-03-13,Smartphone X1,Monitores,1844,8,14752,5,5,90
74,2024-03-14,Auriculares Pro,Almacenamiento,709,1,709,22,1,12
75,2024-03-15,SSD 1TB,Almacenamiento,813,5,4065,29,7,52
76,2024-03-16,Impresora Láser,Tablets,1004,3,3012,3,7,-45
77,2024-03-17,Silla Ergonómica,Impresoras,452,1,452,12,9,60
78,2024-03-18,Silla Ergonómica,Celulares,1419,4,5676,26,3,65
79,2024-03-19,Laptop ProTech,Mobiliario,1584,5,7920,16,9,16
80,2024-03-20,Silla Ergonómica,Monitores,196,7,1372,37,1,33
81,2024-03-21,Mouse Gaming,Computadores,1221,1,1221,22,1,-43
82,2024-03-22,Silla Ergonómica,Mobiliario,913,3,2739,29,4,-57
83,2024-03-23,SSD 1TB,Almacenamiento,1784,2,3568,14,9,72
84,2024-03-24,Laptop ProTech,Computadores,1893,9,17037,28,6,59
85,2024-03-25,SSD 1TB,Computadores,538,6,3228,5,3,72
86,2024-03-26,SSD 1TB,Computadores,978,3,2934,47,1,-40
87,2024-03-27,Tablet Ultra,Tablets,1713,8,13704,49,4,-54
88,2024-03-28,Laptop ProTech,Almacenamiento,600,8,4800,30,9,48
89,2024-03-29,SSD 1TB,Computadores,387,2,774,46,3,-21
90,2024-03-30,Tablet Ultra,Monitores,921,6,5526,5,9,17
91,2024-03-31,Tablet Ultra,Accesorios,690,7,4830,12,7,63
92,2024-04-01,Laptop ProTech,Computadores,1852,2,3704,16,4,46
93,2024-04-02,Auriculares Pro,Tablets,522,2,1044,26,3,-81
94,2024-04-03,Impresora Láser,Mobiliario,200,1,200,26,10,84
95,2024-04-04,Mouse Gaming,Almacenamiento,1488,8,11904,48,5,45
96,2024-04-05,Impresora Láser,Impresoras,1371,1,1371,21,5,-54
97,2024-04-06,Silla Ergonómica,Tablets,1684,9,15156,39,3,-52
98,2024-04-07,Mouse Gaming,Computadores,312,6,1872,36,9,-87
99,2024-04-08,Silla Ergonómica,Almacenamiento,1837,7,12859,33,4,42
100,2024-04-09,SSD 1TB,Accesorios,193,7,1351,30,5,58
